#{"t_start": 1641419706.7975063, "env_id": null}
r,l,t
-20.12,94,28.228231
-20.06,45,44.50156
-0.07,18,52.597911
-0.16,14,59.629657
-0.08,7,64.45647
-0.02,18,72.248405
-20.175,71,93.648385
-0.705,302,175.357635
-0.08,17,182.718312
-0.06,19,190.514615
-0.28,87,215.864935
-19.855,63,236.641031
-20.28,73,259.020726
-19.965,12,265.707864
-0.275,75,288.230354
-0.235,94,315.738611
-20.165,52,332.502776
-0.705,302,414.317566
-0.355,92,441.904943
-0.045,8,447.00579
-0.07,23,455.880159
-20.005,8,461.487155
-20.035,60,480.984611
-0.18,62,500.10492
-20.0,1,503.552764
-0.065,6,508.172231
-0.345,83,532.666649
-0.13,17,540.007148
-0.155,32,551.124086
-0.14,11,557.08402
-0.02,58,574.700757
-20.115,22,583.860752
-20.055,13,591.20215
-19.99,2,595.006074
-0.1,30,605.68357
-0.02,3,609.733251
-0.06,9,615.076705
-20.055,28,626.285818
-20.165,57,644.714864
-20.06,30,656.352336
-0.2,35,668.240026
-0.355,97,695.79754
-0.63,302,777.998013
-0.06,9,783.438568
-19.98,33,794.853421
-0.16,14,801.715098
-19.98,13,808.624916
-19.96,10,814.518256
-0.065,11,820.47816
-0.055,12,826.657711
-0.025,20,834.93994
-0.18,82,858.735357
-0.095,18,866.437393
-0.035,4,870.522985
-19.99,2,874.270118
-19.98,33,887.141712
-19.96,10,893.336967
-0.11,14,900.174815
-0.05,30,910.846817
-20.0,11,917.334272
-0.12,18,924.899901
-19.995,34,937.289858
-0.655,227,998.67843
-20.125,91,1027.979437
-20.225,86,1055.448679
-19.965,32,1067.177319
-0.115,16,1074.533219
-0.065,61,1093.099952
-0.16,29,1103.601052
-0.08,17,1111.002126
-20.02,54,1128.936406
-19.985,5,1133.69976
-0.085,19,1141.937145
-0.005,2,1145.563071
-19.955,33,1157.971945
-20.015,87,1183.965071
-19.985,25,1194.307222
-20.37,209,1253.689035
-0.145,23,1262.678585
-0.05,10,1268.395053
-0.05,5,1272.736317
-19.96,20,1281.914903
-0.245,48,1297.350363
-0.285,84,1321.59136
-0.06,4,1325.666622
-20.055,38,1339.459532
-0.09,16,1346.615
-0.19,76,1369.401409
-0.015,1,1372.772308
-0.22,38,1385.485467
-0.115,11,1391.365804
-19.98,43,1405.608718
-0.095,33,1417.402658
-20.105,53,1436.291502
-0.63,302,1518.312663
-0.19,86,1542.730045
-19.955,18,1550.990043
-20.0,21,1559.736364
-0.04,11,1565.579273
-0.16,24,1574.955304
-20.14,97,1603.650784
-20.37,259,1677.750728
-20.31,90,1705.53792
-20.25,141,1745.952553
-20.035,65,1765.893389
-0.16,34,1778.790277
-19.98,13,1786.156838
-20.1,51,1805.328245
-0.855,302,1888.551206
-20.69,252,1959.489218
-0.02,8,1964.699009
-0.455,302,2047.897168
-0.485,154,2091.551437
-0.11,14,2098.262504
-0.075,10,2103.947987
-20.005,63,2123.695827
-0.06,19,2131.921611
-0.08,7,2136.737185
-0.05,15,2143.490452
-20.21,155,2186.615296
-20.02,9,2192.785241
-0.035,4,2196.968119
-20.015,17,2205.489986
-0.215,36,2218.023142
0.0,5,2222.404855
-20.085,40,2237.119397
-0.39,151,2278.932932
-19.95,11,2285.304339
-0.15,55,2302.237573
-20.095,194,2359.040011
-0.135,49,2374.596323
-0.15,45,2390.262776
-0.105,7,2395.055202
-19.99,2,2398.873312
-0.045,3,2402.763131
-19.99,2,2406.627243
-0.115,66,2427.302454
-20.025,16,2435.187975
-0.125,20,2443.83521
-0.555,302,2525.07415
-0.18,32,2536.439479
-19.955,38,2551.327419
-20.01,5,2555.997334
-19.97,19,2564.289752
-20.005,8,2570.280378
-0.035,4,2574.426789
-20.355,223,2635.544236
-19.975,21,2644.610495
-0.655,302,2726.27438
-19.99,7,2731.587867
-0.035,4,2735.666647
-0.02,8,2740.777691
-20.02,44,2756.860569
-0.21,69,2777.895311
-0.18,42,2791.462275
-0.23,62,2811.475294
-0.245,118,2845.771642
-0.065,16,2853.033604
-0.34,101,2882.614119
-0.575,155,2928.222816
-0.08,27,2938.702459
-20.08,33,2952.340996
-0.795,283,3031.223284
-20.035,20,3040.16296
-19.99,7,3045.48561
-19.99,2,3049.351128
-0.02,3,3053.210082
-0.005,17,3060.641853
-20.05,26,3071.421495
-0.12,18,3079.21335
-19.99,32,3091.289815
-0.275,60,3109.816906
-0.66,249,3176.731363
-19.995,4,3181.27531
-0.14,21,3189.726431
-0.21,74,3211.948408
-0.255,47,3227.642542
-19.92,29,3238.432112
-20.135,65,3258.873012
-0.04,26,3268.834836
-0.06,9,3274.5585
-19.99,7,3279.749362
-0.18,32,3291.200944
-0.085,14,3298.063455
-0.175,35,3310.198626
-0.08,17,3317.602639
-0.015,6,3322.239446
0.015,14,3328.908447
-0.275,70,3350.358416
-20.03,28,3362.013602
-0.03,2,3365.700837
-0.065,31,3377.015867
-0.205,82,3400.900398
-0.02,3,3404.832926
-0.21,24,3414.636869
-19.99,7,3419.742336
-20.005,43,3434.563212
-0.045,8,3439.661932
0.01,1,3443.027683
-19.95,6,3448.025864
-0.09,16,3455.323226
-0.175,25,3464.961699
-0.58,202,3520.872419
-0.07,13,3527.35873
-0.24,56,3545.128975
-0.13,27,3555.060264
-20.18,123,3591.137913
-0.21,74,3612.926085
-0.55,210,3669.928508
-0.18,52,3687.229698
-0.205,52,3703.380995
-20.005,3,3707.780915
-0.13,17,3715.324813
-19.99,22,3725.20284
-20.265,67,3747.183368
-19.955,8,3752.517637
-0.235,94,3779.728713
-19.99,102,3810.656902
-0.065,16,3817.65165
-0.065,41,3832.18157
-0.045,8,3837.246969
-0.125,90,3863.235077
-19.97,9,3869.203104
-20.395,269,3942.431004
-20.09,52,3959.942766
-0.12,33,3971.341083
-0.105,37,3983.879972
-20.235,165,4031.220711
-0.23,57,4049.012772
-0.145,38,4062.139277
-20.155,73,4084.534848
-0.03,7,4089.326151
-20.075,91,4118.204567
-0.395,143,4157.581126
-20.01,60,4176.458675
-19.99,2,4180.277492
-20.05,31,4192.879341
-19.935,35,4206.232237
-20.085,15,4213.51561
-0.185,34,4225.014959
-20.015,27,4235.262556
-0.365,116,4268.312394
-20.23,143,4312.003599
-0.2,40,4325.534699
-0.23,67,4345.259934
-20.14,132,4384.225718
-0.145,33,4395.607646
-0.06,9,4400.997574
-0.515,171,4447.925566
-0.145,13,4454.311438
-0.31,89,4479.644299
-0.06,9,4485.003145
-19.97,4,4489.537865
-0.015,1,4493.005655
-19.915,47,4508.19245
-0.08,22,4517.534252
-20.055,23,4527.710311
-0.06,19,4535.749598
-0.26,59,4554.310396
-19.955,8,4559.789671
-0.065,11,4565.699594
-20.02,4,4570.230356
-19.935,20,4579.106883
-0.07,8,4584.33505
-20.09,57,4602.631994
-0.045,8,4608.017215
-20.42,179,4657.909491
-20.355,208,4715.876673
-20.005,3,4720.063186
-0.105,12,4726.196877
-0.015,1,4729.595816
-0.12,28,4739.656523
-20.045,89,4766.535424
-0.21,74,4788.818285
-0.185,94,4817.712137
-20.515,202,4875.193888
-0.225,50,4891.239603
-0.17,48,4906.561289
-20.22,119,4941.420894
-19.995,29,4952.59303
-0.145,43,4966.636185
-0.045,13,4973.047227
-20.28,123,5008.717789
-0.15,20,5016.820807
-20.36,130,5053.549978
-0.955,287,5132.520945
-0.445,143,5172.52544
-20.245,69,5196.078175
-20.09,67,5219.05798
-0.085,14,5226.06099
-0.09,31,5237.076706
-0.09,41,5250.528426
-0.035,4,5254.87095
-0.205,37,5268.293643
-20.13,73,5291.177061
-0.21,64,5310.685777
-0.115,21,5319.289869
-0.37,118,5352.602329
-0.03,7,5357.390305
-19.96,5,5362.189528
-20.03,18,5370.972224
-0.105,12,5377.697895
-0.11,19,5385.456809
-0.03,22,5394.127276
-20.07,24,5403.970083
-0.065,6,5408.616115
-0.075,15,5415.531191
-0.12,33,5427.09426
0.005,8,5432.172532
-19.98,28,5443.034388
-19.96,5,5447.935478
-0.1,20,5456.0761
-0.565,191,5507.634883
-0.1,40,5520.797253
-20.365,117,5555.281633
-20.03,8,5560.847052
-0.06,29,5571.561942
-0.235,69,5592.243574
-0.185,54,5609.382253
-20.035,10,5615.650333
-19.96,15,5623.214039
-0.15,45,5638.830925
-0.125,60,5657.180524
-20.17,79,5682.000888
-0.175,35,5694.624167
-19.975,21,5704.189713
-0.195,23,5713.147907
-0.02,13,5719.498833
-0.05,5,5723.934416
-20.145,119,5760.343687
-0.215,26,5770.055601
-0.03,52,5787.302596
-0.08,7,5792.158292
-0.13,17,5799.585324
-20.0,1,5803.098657
-0.115,26,5813.268867
-20.185,115,5846.722204
-20.03,33,5858.933693
-0.065,6,5863.594361
-0.105,12,5869.995244
-0.04,6,5874.673899
-0.015,1,5878.138336
-20.0,21,5887.464967
-0.39,51,5903.62065
-0.04,6,5908.25231
-0.15,40,5921.547321
-0.025,10,5927.310283
-0.24,66,5947.975328
-19.99,2,5951.793483
-20.325,96,5979.670099
-20.01,20,5989.38407
-0.095,8,5994.514659
-0.215,56,6012.347504
-0.12,43,6026.371924
-20.075,31,6038.214722
-20.415,147,6079.713921
-0.06,14,6086.510099
-0.065,6,6091.089416
0.01,1,6094.459081
-19.965,17,6102.245543
-19.93,8,6107.933896
-0.32,98,6135.975693
-19.965,42,6150.680567
-0.165,61,6170.475503
-19.99,2,6174.24056
-0.275,45,6189.447999
-20.1,71,6213.682603
-20.025,6,6218.588168
-0.03,32,6230.234937
-0.06,4,6234.345596
-0.045,8,6239.50582
-0.05,20,6247.533546
-0.575,235,6313.273582
-20.6,156,6357.537063
-0.06,19,6365.485902
-0.35,85,6390.7867
-0.105,27,6400.678999
-0.15,30,6411.796722
-20.01,5,6416.34722
-19.99,7,6421.853553
-0.105,32,6433.165946
-0.155,37,6445.541405
-0.33,107,6476.038507
-0.025,25,6485.542768
-0.04,6,6490.100189
-0.07,8,6495.197769
-0.295,83,6520.145206
-0.23,42,6533.822913
-0.045,8,6538.81199
-0.43,117,6574.413536
-0.16,49,6590.370298
-20.0,6,6595.39953
-20.215,82,6620.440563
-19.94,12,6627.494144
-0.045,8,6632.590001
-19.97,9,6638.585222
-0.225,40,6653.084862
-0.245,58,6670.788153
-20.005,8,6676.459052
-0.085,64,6696.66387
-0.08,17,6703.951895
-0.105,12,6710.369189
-0.27,63,6729.413334
-20.025,21,6738.801705
-20.055,38,6752.581622
-19.92,44,6767.408762
-0.115,21,6776.115199
-0.02,3,6779.948826
-20.375,171,6827.776868
-20.095,44,6843.207948
-0.14,61,6862.227881
-0.03,7,6867.306274
-20.04,7,6872.772104
-19.99,2,6876.608534
-20.045,24,6886.817072
-20.015,57,6905.159585
-0.185,49,6921.096119
-0.105,27,6931.204324
-0.195,38,6943.994728
-0.02,3,6948.135193
-0.11,14,6954.702406
-19.98,8,6960.529961
-0.155,27,6970.714047
-20.02,19,6979.771401
-0.15,35,6992.4495
-0.2,30,7002.917872
-20.005,8,7008.633459
-0.32,73,7031.28365
-0.15,65,7050.924788
-19.935,10,7057.289758
-20.165,77,7081.516435
-0.145,68,7101.903463
-0.11,9,7107.332805
-20.17,109,7139.259777
-19.97,14,7146.873782
-20.08,38,7160.921727
-0.105,17,7168.964611
-19.955,33,7181.413443
-0.395,133,7220.151178
-0.295,113,7251.785183
-19.985,10,7258.196371
-0.135,29,7268.59101
-20.09,62,7288.800191
-0.18,22,7297.272262
-0.08,17,7304.654329
-0.05,25,7314.303108
-0.045,3,7318.236165
-20.05,86,7346.126021
-0.11,19,7353.765307
-0.06,4,7357.776732
-0.04,6,7362.662395
-0.035,4,7367.260537
-0.07,33,7379.02989
-0.045,3,7382.872256
-0.365,116,7416.473602
-0.105,42,7432.349712
-19.97,19,7440.572438
-0.19,31,7451.474039
-0.33,92,7480.096337
-0.045,8,7485.133566
-0.71,259,7558.143036
-0.205,37,7570.743894
-20.04,32,7582.882224
-19.94,57,7600.541277
-20.345,129,7637.600539
-0.07,18,7645.324656
-0.385,139,7685.092141
-0.53,182,7735.763281
-19.98,13,7743.017317
-0.365,131,7779.160532
-0.175,50,7795.73408
-0.015,6,7800.249809
-0.43,127,7836.808908
-0.09,36,7849.497476
-0.065,41,7863.261074
-20.49,187,7915.109872
-0.015,1,7918.541742
-0.155,22,7927.999589
-0.1,45,7943.631559
-19.985,10,7949.685365
-20.035,30,7961.492579
-20.125,36,7975.930104
-0.04,6,7980.55577
-20.04,27,7990.705541
-20.145,39,8004.274644
-0.185,64,8023.933215
-0.275,50,8040.147864
-20.235,135,8078.249944
-20.02,4,8082.966631
-0.06,9,8088.9461
-0.035,4,8093.089361
-19.955,13,8100.184268
-0.33,82,8124.24856
-20.025,21,8133.990537
-0.31,54,8151.84879
-0.015,1,8155.206971
-0.07,13,8161.620855
-20.04,17,8170.340482
-20.005,3,8174.531436
-0.13,37,8186.902946
-0.06,9,8192.270667
-20.37,159,8237.638315
-19.96,35,8250.980288
0.01,1,8254.360208
-19.95,16,8261.995902
-20.055,8,8267.880597
-20.5,161,8312.491526
-0.155,27,8322.900222
-0.16,54,8340.039298
-20.215,72,8362.014418
-0.185,69,8382.848063
-0.66,254,8451.670312
-20.01,15,8459.090506
-20.045,34,8471.627558
-0.125,25,8481.276966
-0.155,67,8501.595906
-0.07,8,8506.7461
-0.145,28,8516.978333
-0.1,20,8525.165761
-0.085,19,8533.500097
-0.135,19,8541.651479
-19.995,9,8547.867656
-0.22,78,8570.869203
-0.07,8,8575.978822
-0.06,4,8580.09146
-0.17,33,8591.428597
-0.275,70,8612.293487
-0.07,18,8619.911986
-0.08,7,8624.819159
-20.085,45,8640.26195
-0.18,47,8655.2283
-20.125,101,8685.169014
-20.03,13,8692.598234
-19.955,18,8700.542093
-0.4,225,8763.42472
-0.045,3,8767.254377
-0.04,16,8774.390973
-19.99,32,8785.756959
-0.045,18,8793.383018
-20.03,13,8800.046333
-0.12,23,8809.315476
-0.09,16,8816.675787
-0.14,26,8826.890395
-19.99,2,8830.731477
-0.085,44,8845.113291
-0.015,56,8863.119048
-20.005,3,8867.444142
-20.02,4,8872.290764
-20.04,82,8896.623658
-0.02,83,8920.899036
-0.025,5,8925.276714
-20.055,23,8935.63369
-20.035,30,8948.398145
-0.11,24,8958.250624
0.01,6,8962.981946
-0.235,59,8981.621524
-0.245,63,9000.770995
0.005,23,9009.800995
-0.235,69,9030.653593
-0.085,34,9042.453303
-20.03,18,9051.10604
-19.97,14,9058.317618
-19.9,41,9072.180709
-0.045,3,9076.10548
-20.26,75,9099.152301
-0.115,21,9107.993116
-20.23,73,9130.774713
-0.21,99,9159.608305
-0.07,18,9167.213367
-0.085,14,9173.857423
-0.055,12,9179.982347
-20.15,86,9206.737204
-19.975,6,9211.879556
-20.165,127,9248.567266
-0.08,52,9264.780979
-20.02,24,9274.737281
-20.145,69,9296.659408
-0.345,98,9324.968215
-19.99,27,9336.409741
-0.09,6,9340.977784
-0.115,36,9353.331444
-0.045,13,9359.745573
-0.41,94,9388.895648
-0.085,9,9394.602816
-0.035,9,9400.056509
-0.06,9,9405.488916
-0.125,40,9418.648321
-20.17,139,9460.603124
-0.135,34,9472.779428
-20.05,36,9487.20093
-20.11,40,9502.816656
-20.03,18,9510.954209
-0.1,25,9520.502142
-20.09,37,9534.494707
-0.12,63,9553.93288
-0.135,19,9561.587636
-20.135,70,9584.884734
-19.99,37,9598.600051
-0.03,7,9603.616214
-19.985,10,9609.818334
-20.29,97,9640.552389
-19.99,42,9655.039139
-20.095,29,9666.027926
-0.22,63,9685.612979
-20.08,43,9701.243344
-19.99,2,9705.045753
-20.455,268,9779.452144
-20.24,57,9797.599272
-20.085,50,9814.871483
-20.015,2,9818.619365
-0.06,9,9823.95689
-19.985,5,9828.782364
-19.97,9,9835.05856
-0.195,53,9852.37353
-0.08,17,9859.852237
-20.095,119,9895.885891
-0.105,12,9902.044078
-19.95,31,9914.866726
-0.07,13,9921.367057
-20.455,213,9979.767144
-19.99,22,9988.959764
-20.055,18,9997.515814
-0.085,34,10009.818347
-0.1,10,10015.489367
-0.36,94,10043.057847
-0.485,164,10090.269456
-0.405,107,10120.560902
-0.105,17,10128.414907
-0.33,92,10156.845706
-20.055,23,10167.185782
-0.105,12,10173.626993
-20.055,38,10188.59805
-0.16,34,10200.430328
-0.015,6,10205.090263
-20.01,15,10212.650238
-0.15,15,10219.332768
-0.2,40,10232.504444
-0.1,35,10244.702199
-0.14,41,10258.555564
-20.08,43,10274.003546
-20.265,142,10316.102471
-20.115,82,10340.461237
-20.06,25,10350.509602
-0.015,6,10355.284304
-0.09,26,10365.159971
-20.015,17,10373.744639
-0.275,45,10388.658537
-0.02,3,10392.427932
-0.045,18,10400.135664
-19.915,17,10407.997804
-20.075,16,10415.756006
-0.135,44,10430.422428
-20.02,69,10452.963248
-0.085,14,10459.631779
-20.18,78,10483.39496
-19.975,16,10491.721069
-0.165,56,10509.529375
-0.175,25,10519.278512
-0.15,50,10535.53359
-0.125,45,10550.556994
-0.005,17,10557.778909
-0.485,144,10597.790776
-0.13,22,10606.550834
-0.015,1,10609.971749
-0.115,16,10617.344291
-0.055,7,10622.155668
-0.12,48,10637.393888
-0.17,38,10650.164655
-0.125,30,10661.060325
-0.015,6,10665.663351
-0.235,84,10692.033976
-19.97,39,10707.20794
-19.995,54,10724.749119
-0.155,67,10745.223997
-19.985,15,10752.988712
-0.12,48,10768.028631
-0.09,21,10776.427471
-20.03,13,10783.440528
-20.355,138,10822.927632
-0.12,18,10830.663046
-0.05,5,10835.078525
-0.12,28,10845.260855
-0.055,7,10850.15522
-0.07,28,10860.490608
-0.185,29,10871.022242
-0.1,20,10879.544188
-19.985,25,10889.498439
-0.03,2,10893.144189
-0.39,106,10923.859085
-0.095,8,10928.8916
-0.09,11,10934.813956
-0.02,18,10942.406417
-20.005,48,10958.354458
-0.165,31,10969.665393
-0.07,18,10977.396582
-0.21,54,10994.288869
-0.175,50,11009.947234
-19.98,18,11018.528831
-20.06,40,11032.275882
-19.985,5,11036.975359
-0.21,29,11047.508457
-20.105,68,11068.608338
-20.055,23,11078.137687
-0.085,34,11090.537886
-20.035,35,11103.69383
-0.045,3,11107.641762
-0.225,40,11120.928755
-0.145,33,11132.333306
-0.06,14,11138.907366
-20.195,59,11157.7393
-0.045,3,11161.649879
-0.365,136,11200.318746
-0.5,170,11249.458752
-19.995,9,11255.676444
-0.25,65,11275.832781
-0.32,83,11302.557204
-0.39,216,11363.184089
-20.005,3,11367.368755
-20.035,25,11378.584296
-20.37,249,11446.726686
-0.095,13,11453.048136
-0.64,226,11515.089298
-0.23,117,11550.857959
-0.1,20,11559.162328
-0.165,66,11579.922669
-20.12,34,11593.974127
-20.465,147,11636.518612
-0.045,3,11640.47645
-0.07,8,11645.435711
-20.0,1,11648.882102
-0.045,8,11654.019067
-0.08,12,11660.114756
-0.215,46,11674.951094
-20.52,189,11727.55008
-0.085,14,11734.238193
-0.15,15,11741.040076
-19.925,26,11751.775892
-0.14,51,11768.479645
-20.065,37,11782.552174
-0.035,9,11787.811402
-0.055,7,11792.739727
-19.985,15,11800.22551
-20.175,71,11824.074443
-19.995,69,11845.269553
-20.18,48,11862.429978
-0.12,13,11869.315078
-20.185,110,11903.156017
-0.06,4,11907.23657
-0.06,9,11912.572614
-0.165,31,11923.660757
-0.05,25,11933.314077
-0.075,15,11940.305879
-19.99,12,11947.267559
-0.03,12,11953.493254
-0.03,7,11958.256804
-20.1,46,11974.259099
-0.12,28,11984.230143
-19.94,7,11989.619281
-0.22,28,11999.809042
-0.205,57,12018.477674
-19.97,9,12024.489759
-19.985,5,12029.391296
-19.975,6,12034.847645
-0.175,30,12046.198407
-0.05,5,12050.729409
-0.035,9,12056.185452
-0.15,25,12065.570491
-0.33,102,12095.511804
-20.265,147,12139.487288
-20.39,287,12216.207266
-20.06,40,12230.206305
-0.06,39,12243.51235
-0.51,134,12281.273184
-20.17,74,12307.202778
-0.115,21,12315.617401
-20.075,16,12324.260688
-0.21,54,12343.565538
-0.03,2,12347.474044
-0.145,38,12360.629821
-20.26,250,12434.255623
-0.06,24,12443.411361
-20.025,36,12456.854041
-0.19,96,12485.33745
-20.005,3,12489.54697
-0.025,5,12493.886934
-20.315,152,12538.163274
-20.665,242,12610.25832
-20.615,302,12690.936251
-0.68,302,12773.01722
-0.345,93,12800.546036
-0.175,55,12817.350439
-20.025,6,12822.558102
-20.095,49,12839.645558
-19.98,3,12843.899432
-0.15,30,12854.761086
-0.335,104,12884.3999
-20.02,44,12900.313426
-20.015,22,12909.761617
-20.075,21,12919.301049
-19.94,27,12930.647807
-0.065,21,12939.309813
-0.03,2,12942.927056
-0.15,35,12955.042365
-0.06,4,12959.147435
-19.995,4,12963.684161
-0.09,6,12968.366581
-0.065,16,12975.417462
-0.025,10,12980.994981
-20.015,62,12999.898718
-0.115,16,13007.230736
-20.045,19,13015.347172
-20.18,48,13031.917543
-0.075,10,13037.817315
-20.01,5,13042.691999
-20.04,27,13053.048065
-0.125,35,13065.28923
-0.11,24,13074.53232
-0.505,302,13155.711311
-0.15,15,13162.746793
-0.035,14,13169.753536
-19.975,6,13174.912139
-20.14,77,13199.423131
-19.985,45,13214.365609
-20.115,102,13244.888917
-0.31,34,13257.747667
-0.27,128,13294.41736
-0.05,30,13305.245007
-19.93,28,13316.462283
0.2,80,13341.145442
-20.035,20,13350.080763
-0.05,20,13358.45449
-0.06,4,13362.739741
-0.12,53,13380.397772
0.26,91,13407.850471
-19.86,25,13417.787002
-20.205,153,13462.626914
-20.515,222,13525.361095
0.035,21,13534.028979
-0.045,8,13539.371539
-0.085,29,13550.42012
-19.965,12,13557.684862
0.035,26,13567.604997
-19.905,13,13574.571112
-0.025,10,13580.242563
-20.0,6,13585.319679
0.1,30,13596.990636
-0.05,10,13602.888207
-0.04,41,13617.899864
-0.05,10,13623.754501
-19.685,65,13646.057616
-19.985,20,13655.4205
-19.99,87,13682.78891
-19.985,10,13688.85023
-19.96,5,13693.571488
-19.94,17,13702.127216
-20.34,177,13752.854983
-0.115,21,13761.82741
-20.11,130,13802.703072
-19.955,13,13809.819261
-19.965,7,13815.121342
-20.02,9,13821.163649
-19.955,8,13826.710233
-19.965,7,13832.364028
0.01,36,13845.755471
-19.865,62,13866.025459
-0.28,42,13880.138824
-19.995,4,13884.538215
-20.005,23,13894.870889
-20.61,285,13974.331514
-19.925,21,13983.599607
-0.015,26,13993.366529
0.03,18,14001.085342
-19.88,23,14011.105665
-19.97,14,14018.502381
-19.89,27,14029.117219
0.03,33,14041.255195
-19.985,5,14046.193035
-0.085,39,14061.058434
0.0,15,14068.169402
-0.03,47,14083.762547
-19.71,65,14104.673676
-19.99,12,14111.076582
0.09,84,14136.327837
-20.1,111,14171.939001
-19.91,10,14178.003614
-0.205,302,14260.944487
-20.05,46,14278.72556
0.035,36,14291.996449
-19.8,36,14304.988635
-19.915,22,14314.037382
-20.01,35,14327.141605
0.1,35,14339.797997
-0.43,302,14423.173171
0.04,69,14445.160506
-0.33,302,14529.427422
-20.0,6,14534.182123
-19.815,67,14555.520048
-0.08,47,14571.631151
-20.185,75,14597.116192
-0.085,9,14602.766608
-19.845,24,14612.863026
-0.08,7,14617.727621
-0.07,43,14632.288545
0.045,22,14641.318157
-0.02,8,14646.495374
0.47,142,14688.432957
-19.99,27,14699.256393
-19.96,20,14707.837761
0.36,66,14728.396812
0.025,20,14736.692719
-19.865,17,14744.948929
-19.87,24,14754.646838
-0.145,83,14779.659801
-20.03,193,14841.108438
-20.035,55,14860.740675
0.06,26,14871.185007
-19.955,38,14885.231419
-20.0,11,14891.753881
-19.72,74,14916.474188
-0.01,59,14936.099053
-0.305,302,15019.589048
-0.51,209,15078.893125
-0.18,302,15162.96805
-0.205,27,15173.383263
0.005,18,15181.166042
-0.12,28,15191.949694
-0.095,88,15219.286865
-0.43,302,15305.19535
-20.02,39,15318.732467
-20.02,14,15326.140515
0.14,29,15337.68995
-20.06,5,15342.421161
-20.085,35,15356.084719
-0.43,207,15419.737678
-20.4,231,15491.592518
-0.05,5,15495.960524
-20.06,35,15509.89493
-20.075,131,15552.324035
-0.045,3,15556.404117
-19.99,192,15610.674404
-0.255,197,15668.411158
-19.855,128,15705.850573
-0.135,14,15712.869326
-19.855,58,15732.391952
-0.21,74,15755.001247
-19.89,92,15785.061716
-20.24,57,15805.094202
-0.075,5,15809.962884
-20.01,35,15822.783937
-20.0,91,15853.050324
-0.23,302,15942.792263
-0.015,6,15947.77792
-19.89,112,15983.309664
-0.48,302,16073.226565
-20.04,157,16122.962354
-19.705,58,16143.144175
0.04,29,16155.039002
-0.28,302,16250.872827
-0.135,74,16275.217039
0.06,36,16288.096117
-19.95,21,16297.447354
0.06,81,16325.090195
-19.935,20,16333.615821
-0.045,13,16340.276891
-20.01,10,16346.350383
-20.05,51,16364.692424
-0.305,302,16450.341784
0.215,209,16511.823016
-20.18,93,16541.536806
-19.785,85,16568.827769
-19.935,145,16614.458663
-0.135,24,16623.958685
-19.67,74,16647.411648
-20.165,72,16673.473552
-0.04,56,16691.360156
-20.275,271,16774.573527
0.455,113,16808.620697
-19.93,118,16845.498522
-0.295,293,16934.098617
-19.795,44,16948.916264
0.195,92,16977.299166
-20.08,33,16989.881752
-20.175,76,17015.810177
17.4,248,17086.055798
-0.01,204,17145.769996
0.04,34,17158.524282
0.055,28,17169.394596
-20.045,89,17197.512496
-19.84,17,17205.422441
-20.0,6,17210.404629
0.055,38,17224.197331
-0.18,302,17313.509328
-19.935,75,17337.753448
-0.165,26,17348.008404
-0.31,114,17383.922665
-19.675,71,17406.584044
-19.76,55,17425.268174
-19.99,7,17430.32483
-0.085,69,17452.045367
19.65,76,17475.730515
-20.005,3,17479.76678
18.875,163,17527.83677
-20.175,111,17564.260723
-0.3,155,17610.615037
-0.14,56,17629.245432
18.575,180,17680.990505
-20.035,125,17721.155704
-0.015,51,17739.417783
0.015,9,17744.8991
-0.13,117,17780.952496
-19.95,31,17792.748048
0.08,23,17801.741775
-19.975,46,17818.507197
0.025,10,17824.311618
0.235,176,17877.938106
-19.775,56,17896.257933
-19.845,94,17925.166535
-20.02,4,17929.657939
19.2,130,17970.050679
19.575,70,17992.194155
-20.02,119,18029.312351
19.65,81,18054.936775
-0.19,131,18094.893917
-20.185,215,18162.712022
-0.015,1,18166.157564
-0.115,76,18189.474607
0.095,37,18202.454976
-0.005,42,18217.482557
-0.505,302,18301.136
0.08,18,18309.060777
-19.78,118,18346.642675
-19.815,77,18371.869396
-0.415,231,18437.294616
19.6,99,18466.97388
-0.07,28,18477.238895
-0.345,133,18515.137655
-19.8,41,18529.513621
19.625,73,18552.327618
-19.875,71,18575.932898
-19.995,74,18601.381307
-0.43,302,18689.148765
-0.015,6,18693.716252
-20.005,68,18717.61244
0.175,80,18742.435932
0.385,161,18791.082134
-19.78,38,18804.21772
-19.965,92,18834.880461
-19.885,85,18862.167628
-19.915,22,18871.535902
19.825,54,18889.877073
18.85,157,18935.134508
-0.53,302,19027.107536
18.075,185,19079.713313
-19.795,109,19114.856867
-0.33,302,19198.794674
-19.995,9,19204.803751
-0.255,302,19298.857188
-19.99,7,19304.034527
0.095,22,19313.742185
-0.405,302,19399.331505
-19.965,52,19416.425658
-0.245,108,19449.973866
-19.945,69,19473.717455
0.105,18,19481.760674
-19.715,32,19494.085492
-20.115,127,19535.97896
-19.83,48,19552.734695
18.325,189,19609.603924
-19.825,31,19621.281734
19.85,75,19644.779649
19.8,50,19661.755174
-20.005,8,19667.643048
-20.275,196,19730.861917
0.185,36,19743.726826
0.245,122,19779.816612
-0.025,55,19799.294032
-0.075,200,19857.229042
-19.96,145,19902.378902
19.575,92,19931.262601
-20.17,69,19955.750517
-20.01,160,20008.123402
-19.975,11,20014.50258
-19.755,108,20049.060672
-0.32,93,20076.802149
-19.915,87,20106.02034
-0.09,226,20172.569978
0.27,97,20202.757211
-20.015,2,20206.561231
0.31,61,20226.26615
0.015,14,20233.241395
0.21,46,20248.990649
-19.8,26,20259.039189
18.525,159,20309.160446
0.295,62,20329.123103
0.045,27,20339.766093
-19.875,21,20348.400274
0.115,44,20364.132669
0.22,192,20422.572155
0.105,18,20430.341541
0.175,60,20450.428351
0.315,54,20468.014436
-19.725,36,20481.341707
-0.08,112,20518.064741
-19.885,15,20525.13111
-0.09,166,20577.009339
-0.43,302,20667.064849
0.085,161,20713.703697
0.18,28,20724.15205
0.125,25,20733.762741
19.7,70,20756.235351
0.12,77,20781.455002
-19.85,36,20794.633242
-19.985,5,20799.278075
-19.87,19,20807.620721
-19.8,36,20820.837141
-20.23,103,20855.362911
-0.31,184,20907.201575
-0.53,302,21003.280517
-20.015,2,21007.018118
-19.96,10,21013.012735
0.085,36,21026.154125
-19.89,57,21045.911016
-0.105,117,21080.806643
-20.21,125,21121.269946
-20.02,19,21129.794481
19.275,99,21159.350613
-0.185,29,21170.299326
-0.005,17,21177.67975
-20.0,6,21182.707346
-0.38,302,21267.453277
-19.98,88,21296.569707
19.75,69,21318.45537
-20.225,226,21389.765305
19.75,68,21411.799227
19.15,130,21453.640436
-20.015,2,21457.43106
-20.42,184,21513.374061
0.21,136,21552.407178
-0.29,51,21570.83506
-0.065,11,21576.68283
0.46,121,21613.756789
-0.455,302,21697.205113
-20.015,2,21700.932519
-0.455,302,21785.511207
-20.09,132,21828.870267
-20.02,4,21833.318409
18.425,174,21887.738194
-19.875,16,21895.255992
-0.755,302,21981.954555
-0.15,65,22002.592538
0.075,25,22012.619292
0.575,95,22041.909569
-20.005,8,22047.368385
19.225,105,22080.924644
18.15,208,22139.183944
17.075,272,22214.767457
0.19,69,22237.128541
-0.655,302,22333.82385
-0.23,302,22417.947568
-0.28,302,22501.583657
-0.18,302,22584.89343
-20.015,2,22588.647289
18.925,132,22631.560934
-0.43,302,22727.800865
19.875,53,22745.669604
19.8,62,22765.849699
-20.075,46,22783.118942
-19.785,75,22808.503952
-19.96,120,22847.291481
17.75,223,22911.018425
0.43,73,22933.843341
19.9,46,22949.213588
-0.375,290,23037.865807
-20.08,73,23063.167552
-0.23,302,23149.163515
0.005,178,23201.211667
-20.015,2,23204.994975
-19.865,17,23213.005243
-0.075,135,23252.846416
19.9,55,23271.074177
0.215,64,23293.608325
0.06,21,23302.682573
19.7,65,23324.22537
-20.015,2,23328.294844
-19.905,28,23339.478532
19.025,149,23383.157009
-0.23,302,23467.478598
0.31,111,23501.295274
19.425,81,23528.227141
19.9,50,23545.221449
-0.055,152,23593.383894
-19.785,30,23604.829725
0.19,64,23624.557073
-20.015,2,23628.471427
-19.775,31,23640.168325
0.33,138,23681.248969
-19.905,18,23689.49615
-19.785,25,23699.405015
-19.71,60,23719.144446
-0.015,1,23722.596521
-19.815,42,23737.499597
0.39,99,23767.758504
-19.705,48,23784.390212
-0.43,302,23871.322154
19.975,40,23885.283946
19.875,43,23900.032638
-0.08,147,23947.011565
0.295,52,23964.384429
-19.96,20,23973.494634
0.125,20,23981.948037
-0.305,302,24075.650567
0.28,48,24091.714392
-0.38,302,24187.80717
-0.43,302,24271.594191
-19.875,16,24279.010381
-20.26,100,24317.806397
-0.405,302,24401.527434
-0.78,302,24498.972125
19.9,44,24514.450367
-19.76,40,24528.707321
17.925,207,24587.223129
17.95,222,24649.534015
19.875,49,24666.746037
-0.23,302,24756.95134
-0.005,302,24845.867458
-19.955,118,24881.804281
19.8,51,24899.322253
-20.1,41,24915.168202
-19.895,19,24923.55604
-0.58,302,25019.7658
-0.58,302,25114.502122
0.07,17,25122.315086
-19.735,30,25133.970053
16.925,295,25223.933425
-0.38,302,25308.225577
-0.13,302,25392.936107
-0.33,302,25478.314128
-19.855,18,25486.557056
0.07,302,25570.578684
-19.62,59,25589.54265
-0.12,113,25624.09861
-20.105,43,25640.10465
-0.63,302,25725.090975
19.4,78,25750.819837
-0.08,302,25833.105758
18.55,156,25879.130943
19.95,46,25894.448294
-20.14,102,25928.627138
0.095,17,25936.351541
-0.73,302,26019.839162
19.8,80,26044.822221
17.3,266,26128.04074
19.85,60,26147.858676
19.35,88,26176.825461
19.825,50,26194.032215
-0.57,243,26262.929141
19.8,63,26284.253639
-0.455,302,26370.90389
-19.835,20,26379.430785
-0.155,302,26465.108981
-20.165,127,26507.013813
0.095,302,26596.400017
0.33,73,26618.909387
-19.79,27,26629.887202
-0.255,302,26725.900262
-19.925,11,26731.923259
0.45,65,26752.745888
-20.005,3,26756.760979
0.265,49,26773.155785
-19.82,34,26785.514248
-19.915,72,26809.796218
0.065,19,26818.569429
-19.675,66,26840.783905
0.34,59,26860.461254
0.485,71,26883.387769
18.6,168,26937.282727
0.315,59,26957.325064
-19.96,25,26967.942241
-20.015,2,26971.813429
-0.63,302,27069.56928
-19.535,50,27086.146004
0.35,80,27111.499477
-19.76,30,27122.946279
-19.915,12,27129.197466
0.335,51,27146.244611
-0.555,302,27243.175781
-19.9,16,27250.73637
-0.58,302,27343.361599
19.975,51,27360.764141
-0.555,302,27446.769752
0.235,56,27464.822616
18.025,191,27526.209754
0.265,54,27544.336008
0.205,58,27563.404655
-0.555,302,27659.863115
-0.015,1,27663.160442
0.34,49,27679.375964
-20.015,2,27683.18142
-19.875,16,27690.576014
-20.0,1,27694.080523
19.9,48,27710.85975
-19.91,70,27732.992215
-20.3,141,27779.668949
-0.255,302,27870.752905
18.8,139,27911.841957
-20.035,70,27936.211725
-19.895,14,27943.197234
-20.12,59,27966.235014
-20.345,184,28026.665052
18.8,132,28066.126583
19.975,50,28083.556999
-20.0,1,28087.00169
-0.38,302,28181.849597
0.35,115,28218.013474
-20.015,2,28221.690711
-19.865,17,28229.588614
-0.205,302,28325.226583
18.975,123,28361.897983
0.46,76,28386.17541
-20.005,3,28390.192956
-19.95,6,28394.95854
-0.605,302,28480.475636
19.925,45,28496.177315
0.43,73,28519.807741
0.19,64,28540.349093
0.35,70,28562.397878
19.925,42,28576.655258
-20.005,3,28580.737765
-0.18,302,28664.343786
0.205,38,28677.691172
-19.92,19,28686.561293
-0.015,1,28690.105899
-0.155,302,28769.808183
0.14,49,28785.173408
0.27,127,28823.916291
0.215,54,28841.298302
-0.055,7,28846.127428
20.0,31,28857.292022
0.395,92,28885.494015
-19.905,13,28891.910192
-20.095,94,28922.49784
-19.865,52,28939.989788
-0.455,182,28995.189061
0.38,53,29011.856124
0.145,52,29028.909217
19.9,61,29047.841579
-0.03,302,29127.148564
-0.305,117,29163.696384
0.06,41,29177.277518
0.17,32,29188.690794
0.055,93,29216.182398
-0.21,109,29250.421026
0.145,152,29294.499692
-0.08,302,29380.041461
-19.91,60,29399.046145
-0.805,302,29479.469107
17.075,275,29561.470787
-20.0,1,29564.793381
-0.455,302,29648.81289
19.025,137,29688.202699
-19.875,16,29695.498432
-20.26,160,29743.787286
-0.255,302,29834.997467
-0.755,302,29922.90127
-19.845,19,29931.44726
19.75,63,29951.260144
19.975,48,29966.72019
19.8,88,29992.243848
18.875,130,30029.682114
0.2,85,30054.780566
0.565,64,30074.164711
-0.225,280,30148.691501
-19.955,68,30173.055131
-0.015,1,30176.420602
-19.92,14,30183.196433
-0.605,302,30266.158424
18.4,165,30311.941206
19.625,91,30339.292167
19.45,81,30363.190203
-20.19,237,30434.811822
19.175,121,30468.955491
-0.43,302,30554.894046
19.8,71,30576.647753
-0.305,302,30656.531661
-19.895,14,30663.265899
19.525,93,30692.077507
0.3,145,30734.857455
-19.86,165,30780.20383
0.255,68,30800.932006
-0.33,302,30879.950096
0.07,22,30889.125833
19.875,49,30904.881746
0.175,130,30943.270915
-0.28,302,31022.582842
19.875,56,31040.273383
0.105,138,31078.641171
19.875,45,31093.552774
0.18,73,31115.382207
18.2,198,31174.039815
-19.705,43,31189.089375
-0.43,302,31269.686729
-0.43,302,31351.141296
-20.015,12,31357.646757
19.875,66,31378.359137
-0.53,302,31469.837219
19.275,119,31506.285751
19.4,98,31535.751487
-19.895,14,31542.478765
0.08,18,31550.665645
17.95,230,31617.195449
19.75,61,31636.69046
-0.16,169,31682.759519
0.545,67,31702.842163
-19.965,102,31735.216303
-0.68,302,31823.612154
-20.0,1,31827.054639
-0.655,302,31918.127658
19.2,99,31948.728787
19.825,52,31965.381421
19.925,41,31979.035643
-19.635,55,31997.247547
19.875,51,32013.698158
-0.53,302,32103.004867
-0.305,302,32192.353125
18.125,202,32247.124949
-0.155,302,32326.63505
-20.165,237,32398.716266
19.975,72,32420.733123
0.145,107,32452.603417
19.925,58,32470.45541
-20.31,240,32541.240065
-19.795,124,32579.380019
0.1,250,32653.643561
-0.355,302,32742.212936
19.775,73,32764.8573
-19.61,70,32787.405515
0.235,36,32799.735916
0.36,61,32818.585668
19.85,58,32836.72753
-20.295,179,32889.675641
17.6,239,32955.310411
0.49,74,32977.472006
19.9,45,32992.488209
19.075,131,33031.73849
0.195,62,33050.765588
-0.125,10,33056.33663
0.07,137,33096.192565
-19.885,95,33126.53316
-0.105,302,33208.07339
-19.98,8,33213.31601
-0.155,302,33300.777641
-19.855,18,33308.641267
19.875,63,33327.949453
-19.875,16,33335.156654
19.625,71,33357.688762
19.9,38,33370.940804
19.975,43,33385.308601
-0.755,302,33476.709849
19.9,40,33490.296114
-0.63,302,33580.320529
19.95,45,33595.437469
-20.04,102,33624.435882
17.825,247,33692.345856
-0.255,302,33779.711957
19.875,48,33795.474377
-20.0,1,33798.884279
19.95,51,33815.302394
-19.995,4,33819.463213
19.85,77,33842.878791
19.975,48,33858.063545
19.7,83,33883.425503
18.075,200,33943.482764
-0.63,302,34035.184271
-0.155,302,34116.189014
18.425,177,34169.784919
-0.53,117,34204.873312
17.125,269,34277.237514
-0.605,302,34366.503217
-0.38,302,34455.808789
19.875,51,34472.384748
-20.05,81,34496.776776
19.975,51,34512.967479
-0.705,302,34603.862926
-19.88,13,34610.758669
0.04,24,34620.455642
-0.43,302,34705.720527
19.8,66,34726.835177
19.85,57,34744.841308
18.675,160,34790.2764
19.7,83,34815.384866
-0.655,302,34906.321295
-0.13,302,34994.464765
-0.015,1,34997.853371
18.425,183,35052.77382
0.09,154,35098.249737
-0.22,218,35160.08795
-0.305,302,35251.148393
-20.37,299,35341.709384
-20.47,219,35408.471653
-0.655,302,35499.3868
0.075,120,35533.768337
19.925,48,35549.832334
0.035,66,35570.410369
-19.95,16,35577.796843
-19.8,26,35587.598821
19.775,89,35613.173126
-19.915,152,35658.880184
-0.555,302,35749.436814
0.195,122,35783.56335
-19.91,35,35796.241402
-19.805,33,35808.23493
-0.165,221,35867.654312
0.085,21,35876.409066
-19.84,17,35884.176859
-19.795,24,35893.858233
-0.655,302,35981.360267
-0.355,302,36067.394753
19.975,49,36083.113763
17.35,256,36158.668294
0.12,37,36171.848682
-20.065,132,36212.017143
19.925,61,36231.052654
-19.79,32,36242.739386
19.275,112,36276.647037
0.015,189,36327.79371
-19.72,54,36344.725107
18.7,136,36385.177558
19.95,40,36398.791683
0.0,60,36417.604152
-0.755,302,36509.410256
19.925,47,36524.762397
-19.835,25,36534.81534
19.925,46,36550.159044
-0.255,302,36630.354475
-20.095,59,36650.528773
-0.155,302,36737.759374
19.925,41,36752.137513
0.335,61,36772.316867
-19.985,5,36776.839662
19.975,38,36790.325794
-19.895,14,36797.156975
0.1,15,36804.451835
19.775,82,36830.725688
-0.43,302,36918.790031
-19.835,20,36927.506885
18.85,133,36966.71353
19.9,69,36988.946755
19.95,53,37006.213737
0.105,28,37017.294508
-19.895,134,37062.373238
16.675,294,37154.798972
19.975,58,37173.235553
-19.745,29,37184.24971
0.05,225,37246.823951
-0.805,302,37343.696346
-0.255,302,37427.055678
-0.605,302,37522.42371
-0.38,302,37606.319722
19.825,58,37625.440634
-0.38,302,37714.152349
0.17,82,37739.63562
19.825,55,37758.196471
19.925,41,37772.968661
19.825,52,37791.358215
-20.105,228,37861.330752
-0.63,302,37957.754047
0.07,27,37968.905948
-0.605,302,38064.251918
-0.205,302,38159.73045
-20.065,242,38235.461716
19.75,65,38256.850202
0.07,62,38277.518095
-0.68,302,38373.504454
-19.845,19,38381.657355
19.9,41,38396.104896
-0.68,302,38480.549146
19.925,33,38492.755665
19.8,52,38510.444861
0.3,50,38527.293514
-0.48,302,38622.850436
19.675,84,38649.316151
19.975,60,38668.668319
19.925,39,38682.476823
19.6,63,38704.018143
18.375,163,38755.557296
19.9,37,38769.090184
19.875,64,38790.317006
-19.8,36,38803.963295
19.625,95,38833.724624
-0.68,302,38930.291553
19.85,50,38946.986166
19.275,93,38975.116357
17.825,223,39044.260008
-0.155,302,39127.251218
0.25,70,39149.038089
19.75,62,39169.510297
19.85,53,39187.647217
-0.155,302,39270.644731
19.6,86,39297.539528
-0.405,302,39380.993934
19.85,58,39399.884401
19.2,107,39434.694143
-19.875,16,39442.208136
19.95,45,39457.524398
19.975,46,39473.594574
18.725,150,39520.507679
0.555,68,39541.957059
-19.89,17,39549.570279
19.925,47,39565.552979
17.425,242,39641.928676
0.535,91,39669.99786
0.11,16,39677.555496
-0.505,302,39772.61692
19.8,69,39794.649677
19.9,62,39814.3575
-19.935,65,39837.086761
19.975,43,39852.101598
-0.555,302,39946.869524
-19.795,119,39984.81934
-19.75,76,40010.533697
0.045,17,40018.534837
19.725,57,40037.150614
19.875,76,40061.219394
-0.005,302,40154.292933
-20.215,177,40211.562377
-19.925,16,40218.991432
-19.97,19,40227.631795
19.125,135,40267.974211
19.95,46,40283.811493
19.85,54,40301.631298
-19.815,22,40311.139965
-19.7,36,40323.789675
19.825,72,40346.977254
18.075,205,40406.865783
-19.895,14,40413.679502
19.875,66,40435.075502
0.05,15,40442.530981
19.675,78,40467.607952
-0.45,205,40525.199757
0.195,62,40545.000569
18.95,117,40582.096176
19.925,60,40601.649923
19.825,46,40617.972585
19.975,43,40632.876216
18.925,129,40673.64688
19.975,42,40688.152628
-0.505,302,40771.434055
18.925,126,40811.891635
19.725,77,40835.238411
-20.015,2,40839.078383
-0.68,302,40922.256175
19.85,81,40947.560489
-20.005,3,40951.458233
19.85,60,40971.330184
19.975,36,40984.172654
-0.48,302,41080.040217
0.135,21,41089.152501
19.85,54,41107.153529
19.85,51,41124.487904
-0.425,285,41202.647246
-19.825,61,41223.079244
-19.885,15,41230.351278
-0.355,302,41322.253744
19.8,86,41348.954433
-0.18,302,41445.07805
19.85,51,41462.898037
-19.875,106,41495.086001
-0.205,302,41578.865874
19.7,79,41604.406634
19.975,37,41617.561276
19.9,65,41638.641962
-0.53,302,41734.00743
19.925,38,41748.059392
0.13,78,41772.268409
18.1,193,41828.385755
-20.025,56,41848.397215
0.035,76,41872.169276
19.05,130,41910.324388
19.725,76,41935.326568
19.95,64,41955.505105
18.85,128,41994.328008
19.95,44,42009.178589
19.95,59,42028.248229
-19.925,41,42043.456513
17.425,257,42124.182723
-0.28,302,42210.637635
18.825,142,42256.265187
18.475,177,42311.643038
19.875,49,42328.31592
19.625,83,42355.806556
-0.68,302,42438.855982
-0.53,302,42533.632014
19.6,80,42559.451623
19.875,53,42577.074283
19.9,63,42597.345781
19.75,59,42616.626884
19.75,62,42637.331264
18.875,141,42682.682971
19.65,90,42711.102449
19.85,47,42727.487
-19.985,105,42761.87413
19.85,49,42779.028507
19.925,55,42797.126567
17.35,268,42880.392357
-19.825,41,42895.419283
18.6,158,42940.819596
16.875,282,43021.872904
19.075,109,43054.50995
0.08,18,43062.860434
-19.995,4,43067.188327
-0.355,302,43161.405108
-19.895,14,43168.302916
19.875,47,43184.671498
-20.0,66,43208.033991
0.08,48,43225.400471
19.825,53,43243.075406
18.025,209,43308.450105
0.17,192,43368.782491
18.825,129,43409.665064
0.505,93,43439.371314
-20.23,283,43523.589527
-0.655,302,43620.018886
19.95,57,43638.736532
-0.605,302,43725.778823
19.975,49,43742.491131
19.45,102,43773.290249
0.11,61,43793.031828
16.9,295,43879.896184
19.975,54,43897.457056
19.175,114,43931.415999
16.85,285,44011.235804
19.85,81,44036.41468
19.9,72,44059.455702
19.35,82,44084.830819
19.85,54,44102.667804
19.9,66,44124.089725
-19.84,117,44159.974468
19.525,103,44192.800313
-0.655,302,44281.593865
-0.48,302,44366.546752
19.8,81,44392.761968
0.12,232,44458.570552
-20.105,53,44477.819283
19.875,58,44496.977965
-0.305,302,44590.38287
-0.78,302,44687.458989
-0.605,302,44770.645828
19.85,80,44795.533193
0.05,15,44802.974661
-0.405,302,44897.722789
-0.33,302,44992.147603
-0.08,187,45051.003605
-19.915,17,45059.084232
19.925,40,45073.053128
19.8,56,45091.647121
-19.9,16,45099.05669
19.725,59,45119.425422
18.75,158,45168.151805
-0.25,110,45201.29518
19.95,39,45215.094954
-0.38,302,45298.767902
-19.73,53,45317.20527
0.095,17,45324.799162
-0.655,302,45414.689236
0.43,53,45432.543547
-19.995,4,45436.819056
-19.99,12,45443.466454
19.85,47,45459.687979
17.2,266,45542.124016
-0.455,302,45633.208092
0.155,133,45675.212929
-0.3,105,45706.245754
19.225,109,45739.511539
-0.53,302,45834.158303
19.8,53,45851.607897
-19.875,46,45866.90038
0.16,166,45918.698146
-19.585,60,45937.965305
19.9,47,45954.018102
19.9,51,45971.438241
-19.87,29,45982.582034
19.175,111,46015.726786
19.675,65,46037.155452
-0.255,302,46120.726162
19.9,46,46136.516881
-19.875,16,46143.950372
19.725,78,46169.206403
-0.07,53,46187.909801
-19.89,67,46211.331295
19.825,76,46235.065063
-0.115,231,46304.090452
-20.015,2,46308.151674
-0.53,302,46403.770664
19.775,79,46428.755672
0.225,60,46448.549822
18.225,178,46505.32411
19.925,37,46518.657627
-0.23,302,46602.302049
-0.38,302,46695.740019
0.07,47,46712.493772
-19.8,31,46724.456225
-19.835,20,46733.454364
-19.855,18,46741.849484
18.1,204,46806.378465
-0.73,302,46902.455322
19.95,55,46920.810994
18.725,158,46970.243701
19.7,83,46996.021353
-0.395,28,47006.723389
19.9,69,47028.620739
-19.775,36,47041.756035
17.575,235,47110.286483
0.09,14,47117.239732
19.875,60,47136.904886
19.85,57,47155.767187
-19.885,15,47163.067127
-0.38,302,47245.384285
-0.31,219,47308.125541
-20.025,6,47313.074867
-19.885,15,47320.124962
19.425,95,47350.523948
19.975,43,47365.181688
19.825,60,47385.204107
19.8,60,47404.659974
18.425,190,47465.408385
19.35,113,47500.908117
-0.43,302,47583.638005
19.675,75,47607.740529
19.8,80,47632.68734
-0.505,302,47726.492739
-19.73,48,47743.004257
-20.095,194,47800.284753
-0.655,302,47892.773063
-0.43,302,47988.476842
-0.405,302,48073.088226
-0.605,302,48159.770348
19.975,45,48175.593692
-0.23,292,48255.889951
18.45,185,48312.294946
19.825,73,48335.478313
-0.655,302,48431.247277
-0.7,220,48500.609442
18.925,118,48535.462287
-0.605,302,48632.213074
-19.87,14,48639.077209
-0.405,302,48734.748492
0.09,24,48744.905381
-19.86,35,48757.6147
-0.655,302,48853.451993
19.9,54,48871.105541
19.925,44,48886.457695
19.85,60,48905.946873
19.975,34,48918.198977
18.525,177,48972.406893
-19.87,29,48983.649345
-19.785,85,49011.866413
19.825,62,49032.023975
19.775,80,49057.468457
19.275,114,49094.369144
-20.03,158,49145.237156
-0.48,302,49237.34483
19.75,60,49256.867599
0.095,17,49264.764959
-19.9,21,49273.868443
19.975,57,49292.79378
19.8,55,49311.342063
-0.43,302,49394.223572
19.225,114,49430.206351
17.725,218,49496.529161
19.725,60,49516.453435
-19.665,37,49529.749823
19.925,65,49550.980036
-20.005,3,49555.210423
-19.82,109,49593.102919
-0.255,302,49683.333639
0.45,80,49708.538307
19.75,55,49726.856323
-19.995,54,49746.022916
19.85,64,49767.296778
19.1,124,49807.208852
-0.405,302,49900.648997
19.7,73,49924.046451
19.825,52,49941.415839
0.12,17,49949.125303
18.675,142,49990.632009
-19.735,60,50011.18242
19.9,46,50027.645219
-0.63,302,50123.083213
0.375,70,50145.0004
19.575,64,50165.546934
-0.105,302,50250.104976
19.85,64,50271.38669
17.075,286,50356.12185
-20.09,67,50379.45538
0.12,152,50426.928785
-20.645,294,50519.577268
-0.405,302,50602.965436
19.95,45,50618.765721
19.7,80,50646.00457
-20.005,3,50649.909261
19.95,56,50668.057704
-0.53,302,50751.826225
-19.86,20,50760.339664
-0.305,302,50845.66595
19.825,49,50862.538749
-0.48,302,50955.698467
-20.37,269,51039.101468
-0.305,302,51134.981984
19.925,63,51155.672224
19.85,54,51173.77736
-20.27,159,51224.833791
-0.58,302,51319.285792
19.975,58,51338.066175
-20.16,135,51382.42684
-19.865,17,51390.099908
-0.455,302,51483.6861
0.17,187,51540.376964
-0.285,249,51613.316769
19.95,45,51628.781105
19.875,78,51654.06189
19.825,62,51673.950876
-0.255,302,51762.024775
-19.8,131,51803.154724
-20.1,176,51862.74268
19.925,43,51878.046491
19.975,54,51896.224848
-0.58,302,51991.448227
19.725,78,52016.209857
19.875,49,52033.142222
0.07,182,52090.128009
0.015,34,52103.210243
0.29,129,52143.647193
-20.015,2,52147.482624
0.06,111,52183.145659
0.09,29,52195.328861
-19.995,4,52199.593358
19.975,46,52215.113363
19.85,53,52232.322072
-0.23,302,52316.145782
-19.885,20,52324.728467
-0.655,302,52419.772496
-19.765,47,52437.027093
-0.33,302,52520.67087
-0.32,223,52590.327008
19.775,67,52612.52302
0.545,67,52634.225492
19.9,52,52651.401126
-19.915,27,52661.629629
20.0,40,52675.950414
19.95,39,52689.373174
19.95,38,52702.747034
19.1,122,52741.702358
19.375,108,52775.856267
17.8,237,52843.011416
19.975,62,52863.363474
-20.055,148,52907.59661
-19.815,22,52917.163228
19.825,55,52935.288977
19.325,110,52969.831684
-0.305,302,53056.68309
19.775,62,53076.794446
-0.63,302,53163.00021
0.155,193,53217.560535
-19.885,15,53224.691514
0.19,79,53249.675864
-20.565,237,53326.906182
17.5,235,53401.403358
19.95,42,53416.170677
19.975,37,53429.093651
19.8,58,53448.272897
-0.225,230,53514.003568
19.9,71,53536.291445
0.175,155,53580.65594
19.9,53,53598.209545
-0.73,302,53695.539244
19.875,53,53713.402246
-20.11,170,53768.461745
19.95,54,53786.221166
-0.405,302,53884.352411
19.875,63,53904.588181
19.65,58,53923.843008
-20.005,3,53927.971915
-19.99,2,53931.725151
-0.455,302,54025.81095
-20.05,201,54091.466689
-20.2,136,54131.825316
0.25,90,54160.76057
19.975,55,54179.27474
19.95,57,54197.770862
17.1,270,54279.896954
-20.0,1,54283.403035
-20.005,3,54287.590026
19.875,59,54307.0977
0.105,203,54367.05381
-19.94,17,54374.950658
19.925,50,54391.783239
19.95,49,54408.203788
19.7,68,54429.749061
-19.89,42,54445.315821
19.875,64,54465.840631
-0.33,302,54550.766779
19.9,56,54569.200383
0.01,186,54624.596729
-19.935,20,54633.271192
-0.355,302,54716.808104
19.925,80,54742.164391
-0.005,302,54826.094711
19.725,57,54845.520295
-19.68,108,54879.97894
-19.735,30,54891.468705
-0.205,302,54977.302791
19.7,64,54997.78599
0.16,21,55006.878224
18.85,148,55053.382874
19.875,45,55068.936275
-0.18,302,55155.543705
19.975,66,55177.076797
-19.965,142,55222.338979
-0.755,302,55305.479388
19.925,64,55325.109098
18.45,163,55369.828876
-19.95,16,55377.268885
-19.885,15,55384.379618
-0.605,302,55474.156213
19.9,45,55488.888241
-19.795,39,55502.594751
19.825,84,55527.046232
19.975,43,55541.311565
19.875,48,55557.280473
19.775,63,55576.643422
19.3,128,55615.211278
19.275,100,55646.156943
18.35,173,55693.585717
-0.405,302,55774.93147
19.95,45,55790.01219
-19.92,144,55834.757419
19.65,80,55859.034201
-0.655,302,55941.301388
-0.105,7,55946.168283
19.2,105,55977.523059
-19.875,16,55984.879036
19.975,50,56000.891138
19.95,55,56018.267786
-19.875,16,56025.51465
19.85,64,56046.097334
19.95,67,56066.500733
-19.865,32,56078.38794
-0.705,302,56158.801195
18.175,199,56229.456836
0.29,79,56254.204293
18.45,185,56309.888016
19.975,61,56329.687631
-19.735,45,56345.211317
19.9,45,56361.28509
-0.01,279,56438.874449
-19.93,28,56450.707053
-0.605,302,56545.752408
19.85,66,56566.613665
18.675,140,56607.170135
19.925,59,56626.235093
19.825,73,56649.067708
-20.59,292,56741.934289
-0.23,302,56825.631085
19.375,109,56858.210441
19.95,47,56874.446937
17.55,255,56954.402515
18.475,193,57013.429341
-19.94,27,57024.296001
-19.74,32,57035.856912
-0.64,216,57097.392995
20.0,43,57112.340586
-0.655,302,57206.448701
-0.755,302,57290.240041
-0.655,302,57386.788608
17.75,244,57455.877507
-0.43,302,57539.435786
-0.455,302,57633.341614
-19.9,131,57675.350294
19.825,53,57693.238597
-19.94,137,57738.057338
-19.93,18,57746.545439
-0.605,302,57841.040916
19.95,33,57852.956675
19.8,55,57871.223472
17.85,220,57941.06856
19.1,119,57976.12613
-19.84,22,57985.495608
-0.755,302,58070.059877
-20.01,30,58082.095416
19.6,70,58105.521918
19.825,56,58123.780702
-20.0,1,58127.225931
19.875,69,58150.091109
18.925,150,58195.822288
19.825,49,58212.722003
18.4,164,58264.462507
19.825,58,58283.838263
0.425,125,58323.218721
18.45,174,58377.412011
18.325,188,58430.470754
19.475,93,58461.336395
0.415,54,58478.977531
-20.005,3,58483.183442
-0.33,302,58567.439198
19.95,58,58585.815888
-0.655,302,58681.503763
17.975,222,58744.431178
19.95,64,58764.910429
19.4,96,58795.77816
19.9,49,58812.154647
19.9,80,58836.498625
-19.945,54,58855.254234
-0.355,302,58938.113633
-0.155,302,59021.612462
19.925,60,59040.908576
19.95,68,59062.640102
17.65,240,59132.469484
-0.73,302,59215.905291
17.25,271,59291.669952
19.75,63,59311.607521
-0.63,302,59402.011198
18.05,214,59463.766769
19.8,85,59490.263933
19.15,137,59530.937574
19.925,50,59547.152537
19.975,37,59559.952924
-0.18,302,59643.017272
-20.015,2,59646.760504
20.0,34,59659.138096
19.225,114,59692.900695
-19.865,17,59700.874302
-19.865,72,59725.312034
-0.355,302,59808.142955
-0.33,302,59897.12513
-20.305,138,59940.384102
19.8,71,59961.577734
19.9,63,59980.719723
19.775,56,59998.668064
-0.705,302,60078.052231
19.975,50,60094.078359
19.975,41,60107.870607
18.85,140,60150.111757
18.775,131,60187.220118
-0.74,266,60257.843188
-0.13,302,60336.873782
18.75,136,60375.392902
-0.655,302,60465.933324
-19.78,38,60479.011177
-20.025,6,60484.119824
19.925,49,60499.943702
19.05,133,60537.326732
19.975,66,60557.401525
19.8,58,60576.026084
18.9,137,60615.102566
18.8,153,60660.681852
-19.675,36,60673.010761
-19.685,50,60689.314362
19.85,61,60708.926662
-19.985,50,60726.298705
-0.105,302,60805.384733
-19.855,48,60821.74406
19.875,59,60840.286944
-0.305,302,60920.332943
19.95,41,60934.243876
19.8,57,60952.386225
19.925,59,60970.633522
-20.05,61,60990.7639
19.9,49,61006.773079
-19.95,101,61037.635622
19.025,141,61079.724735
-19.81,40,61093.810333
19.9,40,61107.408182
19.75,76,61130.809138
-19.895,14,61137.56695
19.975,51,61153.502363
18.0,190,61209.64292
-0.655,302,61293.1861
19.95,67,61313.653612
19.325,103,61344.778671
-19.8,26,61354.766378
-19.865,17,61362.516143
-20.125,111,61397.519673
-0.605,302,61488.359839
0.105,48,61504.368934
-20.0,1,61507.786674
19.9,50,61523.830397
-19.905,13,61530.290061
-19.905,13,61536.725352
-0.63,302,61628.339378
19.6,87,61653.762955
19.825,86,61679.126884
-19.905,18,61687.133192
17.05,290,61764.640525
19.45,95,61792.864193
-0.655,232,61857.335361
-0.655,302,61945.030573
19.85,51,61961.598587
0.205,33,61973.751922
19.9,67,61994.546946
18.9,133,62034.13568
18.3,170,62081.685837
-19.895,14,62088.509879
19.75,89,62115.634071
19.85,67,62135.964015
19.95,68,62156.471092
-0.155,302,62236.906087
19.9,53,62253.539932
19.15,102,62283.027822
17.875,206,62339.12579
19.875,72,62360.896694
19.85,50,62377.243627
-0.355,302,62462.014926
19.25,109,62495.261616
-20.0,1,62498.754802
-19.735,55,62517.187968
18.475,173,62569.303188
19.925,38,62582.213208
-0.73,302,62672.002486
17.1,269,62743.167383
19.975,58,62761.474103
-0.48,302,62852.54478
19.85,58,62871.005252
-0.68,302,62954.127527
-0.405,302,63037.933448
17.025,293,63117.024741
16.975,294,63194.665756
17.55,267,63265.879772
-0.33,302,63350.766965
19.975,63,63370.065727
-0.32,178,63424.615412
19.85,50,63441.400712
-19.71,50,63457.258045
-0.905,302,63547.337614
-0.955,302,63637.450655
-19.97,19,63645.709569
-19.845,144,63689.22899
19.525,85,63714.945172
19.825,58,63733.481758
-19.64,57,63752.002095
19.95,50,63768.545307
-20.0,1,63772.004358
19.925,45,63786.636245
19.925,43,63800.746358
17.9,211,63857.837025
-19.96,25,63867.754995
-19.915,52,63884.332138
19.55,90,63910.893719
18.575,178,63964.653132
19.875,49,63980.474144
18.7,150,64025.371855
-20.36,165,64076.307297
-19.935,20,64085.015084
19.95,49,64100.828137
-19.705,43,64115.535901
19.875,64,64135.482806
19.9,59,64154.229529
-20.375,216,64219.210427
18.275,180,64268.237064
19.8,78,64292.151028
-0.005,302,64380.727081
19.975,39,64393.935978
19.975,62,64412.880513
18.825,125,64448.12941
-20.0,1,64451.611632
19.825,69,64472.341078
19.85,49,64488.519114
18.8,153,64533.0748
19.85,58,64551.863013
-20.0,1,64555.347119
19.975,38,64568.213409
0.24,64,64588.525433
-19.97,79,64613.940851
19.925,50,64629.970106
19.775,78,64653.407007
-19.82,144,64697.176405
19.825,46,64712.643871
19.05,113,64744.925749
-20.23,133,64786.321673
19.975,78,64809.639048
19.95,53,64826.507763
0.125,20,64834.857083
19.975,47,64850.383327
19.175,98,64881.211735
19.8,76,64903.831019
19.775,58,64922.616065
17.675,246,64995.453393
19.95,61,65014.31363
19.925,37,65027.38898
16.925,284,65110.928059
-0.33,302,65194.369389
-20.325,201,65255.58315
19.975,57,65274.161667
17.975,211,65337.014726
19.975,51,65353.232591
19.9,43,65367.432086
19.85,52,65384.117219
19.975,51,65400.519927
-19.87,19,65408.765232
19.975,57,65426.48036
19.925,70,65447.295735
19.85,42,65461.559384
19.9,70,65482.439543
19.975,58,65500.487937
-0.63,302,65592.232869
20.0,46,65607.368143
19.95,72,65629.073125
19.95,53,65645.855284
19.95,51,65662.053216
-20.235,245,65735.682831
19.95,73,65758.077929
18.975,131,65797.384607
19.9,45,65812.512251
-20.105,103,65842.62971
-0.07,143,65886.278049
19.0,120,65923.149277
0.115,79,65949.961675
-20.175,186,66006.461455
19.675,91,66032.991607
-19.745,39,66046.434413
-19.875,36,66059.727977
19.075,117,66094.805864
-19.89,17,66102.446762
19.875,56,66121.022159
19.325,94,66148.675004
19.65,66,66169.555282
-0.065,231,66231.7712
19.75,60,66250.356826
-19.875,16,66257.606853
19.825,82,66282.254004
19.95,73,66305.171761
-19.6,76,66328.374855
-0.015,1,66331.823352
-20.0,1,66335.311573
-19.875,16,66342.940328
19.95,61,66362.088299
-19.685,40,66375.664341
-20.305,293,66462.552124
-19.91,30,66474.170958
-19.82,24,66483.613375
19.925,74,66505.474403
-19.915,17,66512.898907
-19.57,114,66544.933264
-19.98,53,66561.401179
19.95,51,66577.463732
19.825,59,66596.067252
-20.21,145,66640.009215
-19.985,105,66672.700144
-20.565,227,66749.194728
18.75,138,66788.011291
-19.795,39,66801.348602
18.725,154,66843.353601
-19.97,19,66851.820392
-19.915,17,66859.502532
19.9,78,66883.300877
-20.015,2,66886.95914
19.8,74,66909.22576
-19.815,22,66918.076722
19.85,52,66934.891462
-19.655,53,66952.668568
-19.895,14,66959.74098
-0.505,302,67041.612539
19.925,69,67062.681189
-0.555,302,67149.666927
19.95,62,67168.86085
-0.655,302,67250.172718
19.875,47,67265.378703
-19.83,33,67277.185863
-0.58,302,67364.992539
17.275,260,67437.730903
19.075,103,67467.02189
19.275,98,67497.20536
19.85,76,67519.987795
-0.355,302,67599.638655
0.07,302,67680.306334
-19.825,61,67700.046346
19.825,58,67718.508879
19.875,52,67735.429407
19.825,50,67751.68966
17.95,206,67814.000022
19.85,50,67830.805957
-0.18,107,67861.155814
-19.635,40,67874.797126
0.045,252,67944.953136
19.95,50,67960.780131
-0.755,302,68051.585889
19.925,43,68065.985955
19.825,68,68086.453516
19.8,61,68105.298081
18.5,167,68153.568946
18.65,157,68199.565377
19.925,62,68219.075891
-0.38,302,68298.339276
19.225,104,68331.319637
-19.875,16,68338.729347
19.6,98,68366.729764
19.625,66,68387.138234
-19.875,16,68394.486851
19.975,54,68411.395527
-19.785,35,68424.108505
19.95,37,68436.903352
18.65,166,68482.474924
-0.755,302,68574.161147
0.325,95,68601.666467
0.3,60,68620.626139
0.35,220,68679.889349
19.3,124,68716.84216
18.75,154,68761.054865
19.9,41,68774.811399
19.9,40,68788.293967
-0.07,83,68815.091393
19.825,57,68833.705661
18.375,193,68886.227773
19.825,69,68907.262371
-0.03,2,68910.862694
-19.62,54,68928.722112
19.8,55,68946.38005
-0.28,302,69027.699671
-0.68,302,69107.946071
19.95,63,69128.18136
19.65,73,69151.778753
17.55,233,69217.177837
-19.74,32,69229.145743
19.75,77,69253.386031
19.025,133,69292.314234
19.95,47,69308.371851
-0.405,302,69392.897195
0.315,39,69407.04892
18.275,188,69465.554734
-0.38,302,69549.283377
19.875,69,69571.64513
17.925,200,69630.347604
0.055,18,69638.689897
-19.73,33,69651.158913
19.925,51,69668.046758
19.5,78,69691.991422
0.05,20,69700.835417
19.925,50,69718.098533
19.35,94,69746.8371
19.9,42,69761.525534
19.825,51,69778.845313
-0.705,302,69865.921671
-0.73,302,69948.742314
19.925,54,69966.487558
19.475,89,69995.207399
-19.76,40,70009.700171
-19.655,53,70027.931861
0.06,156,70072.496834
19.925,47,70087.97081
18.275,181,70139.971731
-20.015,67,70162.988196
20.0,55,70181.21858
-0.25,140,70227.585188
-20.0,6,70232.564879
0.405,53,70250.420269
-19.885,15,70257.802699
19.75,77,70281.963366
19.8,46,70297.731669
-0.065,66,70318.436092
-0.33,302,70403.004842
19.925,69,70424.864409
19.925,58,70443.895901
-19.935,20,70452.915569
19.775,56,70471.46075
-0.33,302,70558.098687
19.95,52,70575.644261
-0.26,154,70619.656939
20.0,37,70632.826737
19.325,85,70660.963101
18.45,179,70717.517877
-0.33,302,70801.207972
18.775,148,70847.890696
-0.605,302,70931.34375
-19.92,19,70939.898717
19.9,41,70954.140738
19.925,46,70970.130128
19.975,55,70988.251628
-0.055,302,71071.280288
19.975,56,71089.894586
19.175,129,71127.782009
19.975,65,71149.109929
19.95,37,71162.580698
-19.96,150,71211.913738
19.875,58,71230.87796
19.975,33,71243.547903
19.95,43,71258.563071
19.85,46,71274.837749
-0.58,302,71368.895209
19.9,62,71390.224983
-19.995,4,71394.511714
19.875,55,71412.794669
-20.22,129,71455.189494
17.9,217,71516.735286
-19.75,41,71531.243472
-0.155,302,71617.342845
19.175,118,71655.174605
19.975,44,71670.148593
-0.63,302,71753.671288
19.75,68,71775.281105
19.975,47,71792.109195
19.825,48,71808.908866
0.105,18,71816.880371
-0.505,302,71904.618206
-0.54,236,71970.884236
19.8,53,71988.820302
-20.325,281,72082.780381
-20.07,169,72137.274093
-0.555,302,72229.562706
19.875,48,72246.063395
19.875,64,72266.308204
-20.015,2,72270.078795
19.875,49,72286.62145
19.975,60,72305.436604
18.425,181,72362.482309
19.75,72,72385.264538
-0.58,302,72477.695317
19.85,68,72500.2628
19.95,73,72523.410032
-0.105,302,72607.715716
19.95,40,72621.824777
18.875,144,72665.286802
-19.93,18,72673.571219
19.9,52,72690.909817
-19.745,44,72707.01047
-0.015,1,72710.478625
-20.185,90,72745.352067
19.925,60,72765.105948
0.105,33,72777.704511
-19.905,13,72784.305811
19.95,64,72804.30152
19.775,59,72823.922731
19.875,67,72845.674762
19.975,47,72861.383423
-19.885,35,72874.570902
17.425,252,72952.806097
18.4,170,73004.556267
-20.215,167,73066.616885
0.045,302,73159.199059
19.75,57,73178.062906
19.95,45,73193.888163
19.9,52,73210.962548
19.9,64,73232.048395
-19.875,16,73239.683425
19.85,54,73258.67547
19.9,47,73275.088849
19.975,51,73292.226837
19.85,44,73307.66392
19.85,57,73326.580847
19.975,48,73342.841788
19.925,58,73362.032157
19.875,51,73379.444378
19.875,45,73395.16202
-19.95,56,73415.638988
19.825,48,73432.195071
17.65,259,73512.229295
19.9,47,73528.691405
-20.005,73,73554.330664
19.875,61,73574.475202
18.95,136,73614.987565
-0.68,302,73704.901547
19.95,72,73727.938675
19.975,41,73742.123681
-19.86,25,73752.141164
-0.53,302,73848.88993
19.825,65,73870.189103
19.775,80,73895.522849
0.025,195,73952.8379
-19.895,14,73959.677623
-19.855,18,73968.267499
19.1,121,74006.591351
19.95,41,74020.889049
19.925,41,74035.443745
19.95,62,74055.132697
-20.03,113,74092.018106
19.975,49,74108.318973
19.85,47,74124.552549
19.175,124,74161.165045
-0.63,302,74249.091498
19.8,62,74269.534112
19.85,75,74293.627891
-0.705,302,74376.093383
-0.705,302,74458.635415
-0.48,302,74548.147173
19.875,49,74564.813637
-0.06,44,74579.985777
19.325,92,74608.351133
19.9,41,74622.235127
19.875,50,74639.35199
19.9,46,74654.96985
19.825,53,74672.529128
19.9,69,74694.361739
19.825,53,74712.102821
-19.58,73,74735.061715
-19.54,52,74753.087904
-19.805,68,74775.820463
19.975,67,74796.649545
-0.18,302,74880.637956
19.775,74,74904.327945
-0.16,44,74919.005226
-0.49,276,75006.967468
-0.655,302,75089.433444
19.875,67,75110.820464
19.775,57,75129.656416
-0.03,302,75212.435914
-19.97,64,75233.507573
19.5,106,75265.489012
19.975,70,75286.981241
19.85,55,75305.533727
-20.41,270,75390.213272
-0.68,302,75474.490491
19.975,68,75496.337361
-0.355,302,75579.875571
19.875,51,75598.109244
-0.205,302,75686.036922
-0.755,302,75781.616305
19.975,41,75796.022039
-0.205,302,75878.722451
19.8,60,75899.523348
19.925,50,75916.830606
19.675,58,75935.668988
19.95,51,75952.594782
19.8,51,75970.303755
-0.705,302,76054.325357
19.9,53,76072.543965
-20.155,138,76112.710319
-0.605,302,76206.881133
-0.455,302,76301.951784
19.825,42,76317.353089
19.9,48,76333.365943
-20.05,76,76359.754236
-19.87,29,76371.695858
-0.73,302,76454.628346
-0.58,302,76550.719408
19.825,74,76573.869397
19.45,105,76605.823172
19.825,60,76625.394985
18.45,173,76675.463088
19.725,63,76696.396938
0.04,9,76701.872751
19.925,39,76715.653216
19.7,65,76736.582617
19.025,122,76772.620072
-0.855,302,76857.337884
19.8,53,76875.266875
-20.015,2,76879.048108
18.925,141,76924.391996
19.025,122,76960.219788
-0.255,302,77049.621062
19.9,45,77064.655985
18.225,174,77114.575452
19.875,58,77133.862393
0.04,89,77161.414483
20.0,34,77173.844664
-0.28,302,77256.974002
0.195,32,77269.128514
19.95,52,77286.160709
-0.63,302,77381.511975
18.375,175,77432.431404
-0.655,302,77519.119948
19.9,59,77537.306498
-0.05,110,77569.911212
-0.305,302,77658.895315
-0.48,302,77748.083788
-0.555,302,77837.922176
19.675,97,77866.751381
-0.305,302,77950.209374
17.825,225,78017.118486
19.25,104,78046.598398
-19.895,14,78053.43258
0.23,33,78065.020081
-0.805,302,78145.312153
19.75,68,78165.901589
-19.995,19,78174.199996
-0.73,302,78260.421816
-0.605,302,78350.508645
19.925,70,78372.610462
-19.89,17,78380.590967
19.975,52,78397.937782
19.825,72,78420.965525
-0.73,302,78504.198349
-0.38,302,78588.216325
-0.205,302,78672.445041
-0.63,302,78759.02799
19.275,118,78796.093596
19.825,55,78814.860259
19.925,58,78834.021844
-0.63,302,78922.523516
-19.555,48,78939.444972
19.825,60,78959.047369
17.225,270,79043.305055
19.9,38,79056.714407
19.9,53,79074.539964
19.8,59,79093.641481
19.95,43,79108.678652
19.875,67,79130.634358
19.875,52,79148.048851
19.8,63,79168.800304
19.9,57,79188.040198
-0.305,302,79287.245056
-0.015,1,79290.666971
-0.73,302,79386.787694
19.875,70,79409.717974
19.05,125,79447.114418
19.875,46,79463.067119
19.825,66,79485.134417
19.875,42,79499.848672
19.775,52,79517.201848
-19.99,7,79522.474085
19.95,60,79541.843616
18.225,205,79600.427562
19.825,70,79622.972134
19.975,59,79642.026305
-19.655,58,79661.803325
19.85,60,79681.64335
19.85,77,79705.331229
19.875,44,79720.671233
19.975,34,79733.116701
18.65,151,79780.070418
19.925,53,79798.304084
19.9,54,79816.38464
19.975,52,79833.449459
19.975,47,79849.740889
19.925,67,79871.100381
19.95,45,79886.798236
19.825,70,79908.928332
19.9,44,79923.974554
0.07,12,79930.097186
-0.555,302,80025.409101
19.875,48,80041.677435
19.15,118,80077.371848
0.38,193,80136.697721
-19.785,30,80148.388854
19.95,51,80165.434391
19.85,50,80182.372463
19.85,62,80203.19733
-20.3,151,80252.996625
-0.68,302,80349.543273
19.9,54,80367.785305
-20.695,299,80455.910409
20.0,51,80472.691415
18.8,158,80520.893459
17.575,238,80587.570108
-0.68,302,80670.534362
20.0,60,80690.019641
-0.705,302,80773.608731
-19.77,74,80798.198389
19.925,57,80817.191827
19.9,46,80833.050514
19.9,41,80847.374241
19.8,64,80869.05019
17.2,257,80949.868731
17.85,231,81021.774307
19.925,39,81035.377226
-19.7,51,81053.345142
19.975,51,81070.735788
-19.86,40,81085.635768
19.875,53,81103.575779
-0.505,302,81199.353878
-0.755,302,81296.94355
19.95,40,81311.100246
19.95,54,81328.795596
19.05,129,81370.059404
19.975,47,81386.007806
19.375,107,81420.751449
17.2,286,81504.31782
19.9,46,81520.348704
19.925,69,81541.983194
-0.28,302,81624.82402
19.875,56,81643.465206
19.025,125,81682.974768
18.05,210,81746.185113
19.9,41,81760.283242
-0.63,302,81851.338822
19.95,57,81870.026087
19.925,83,81895.598073
19.425,93,81925.183673
-19.645,49,81942.807204
19.125,130,81983.527683
19.975,59,82002.614387
-19.6,46,82018.783814
19.975,52,82036.643033
19.925,77,82060.553932
19.85,47,82076.733773
19.8,55,82095.078861
-0.12,123,82130.922102
19.975,73,82153.583165
18.375,181,82211.097895
-0.495,248,82281.062872
19.95,55,82299.20253
19.925,49,82316.228262
19.775,51,82333.265711
19.85,64,82354.051282
-0.48,212,82413.581795
-19.95,21,82422.822211
19.925,45,82438.716089
19.95,54,82456.286033
17.925,236,82529.17773
19.8,47,82544.72644
-0.07,18,82552.744355
19.975,46,82568.487951
-20.015,2,82572.188394
17.9,205,82637.548706
19.825,90,82666.502006
19.875,47,82682.610468
-20.005,3,82686.70101
19.275,126,82725.849033
-19.855,18,82734.051033
-0.555,302,82827.57381
19.0,132,82868.501593
-20.0,1,82872.006714
-19.975,6,82876.877958
-19.96,50,82894.774126
-19.95,81,82921.998639
19.95,40,82936.616929
19.975,55,82954.791736
-19.875,16,82962.102854
-0.385,134,83001.071608
18.35,187,83064.79109
-19.835,20,83073.640333
-19.875,16,83081.529001
19.975,58,83101.647656
-0.355,302,83192.505901
0.035,21,83201.205197
20.0,54,83219.778333
-19.81,95,83250.803951
19.95,51,83267.352441
19.95,38,83280.672565
19.55,97,83311.030106
17.925,214,83371.873016
-0.605,302,83467.792314
19.525,77,83493.533012
-0.705,302,83576.25062
20.0,51,83593.781622
-19.845,19,83602.178662
-19.985,5,83606.802672
-0.655,302,83702.118842
19.9,69,83723.522204
19.825,58,83742.448551
19.975,50,83760.081402
0.29,39,83773.974062
19.975,80,83798.536093
19.95,50,83815.78628
-0.045,3,83819.643856
17.375,265,83893.956333
19.875,57,83912.626629
-19.855,18,83920.714623
18.975,128,83961.083679
0.22,82,83985.747839
20.0,50,84002.238996
-20.015,2,84005.979094
19.875,55,84024.08389
19.95,43,84038.862854
18.275,194,84100.546633
-19.825,21,84109.699551
19.975,75,84133.17326
-0.53,302,84226.906961
18.075,202,84284.108815
19.95,70,84306.30497
19.95,62,84326.519085
19.9,92,84355.556689
18.975,113,84389.379378
-20.3,241,84463.580294
19.8,55,84482.408883
-19.845,19,84491.000067
19.85,57,84509.502187
19.075,124,84547.347985
19.8,54,84565.05468
17.1,272,84649.453602
19.95,50,84665.961976
19.95,75,84690.306303
19.925,50,84706.954215
-0.655,302,84803.024693
19.8,48,84819.385365
19.775,68,84842.079426
-0.18,277,84921.789066
19.9,62,84941.471668
19.2,117,84976.410471
-0.455,302,85077.434085
19.8,72,85100.241898
-19.925,16,85107.870388
-20.11,110,85144.714525
19.9,44,85160.136437
19.85,47,85177.30936
18.075,193,85231.564586
19.85,70,85254.388434
19.9,43,85269.195094
-19.875,16,85276.640535
18.725,170,85328.413666
19.35,109,85363.783162
19.875,54,85382.004267
19.85,81,85407.841419
19.4,109,85440.926904
19.95,46,85456.589361
19.975,39,85470.905571
-19.72,69,85494.346257
19.85,53,85512.111763
19.125,120,85549.91331
19.925,70,85572.365542
-0.705,302,85663.958472
18.5,159,85714.062628
18.95,136,85757.654794
19.875,46,85774.043562
-20.0,1,85777.480276
-0.38,302,85872.093381
18.6,160,85918.246881
19.8,57,85937.42337
19.975,55,85955.619321
19.95,68,85977.273068
-19.885,15,85984.438412
19.875,49,86001.188013
19.025,116,86035.372582
19.525,90,86063.950025
19.85,66,86085.273332
-19.71,45,86101.95997
19.8,76,86125.841713
-19.91,70,86149.360404
19.725,81,86175.177651
-0.805,302,86272.891918
19.975,65,86293.468686
-19.755,63,86314.458076
19.875,67,86336.287545
17.65,252,86407.593384
19.975,43,86422.270301
19.95,39,86435.972739
0.1,15,86442.859897
-19.98,3,86446.876198
19.875,47,86463.173735
19.875,64,86484.140069
-19.865,17,86492.037993
-19.845,114,86529.279284
19.05,116,86566.011424
-19.63,78,86590.494969
18.65,171,86644.050029
19.975,58,86662.81815
-0.78,302,86758.213958
19.85,68,86780.376677
19.275,93,86810.156982
18.6,154,86854.002673
-0.355,302,86949.611793
19.325,95,86979.485046
19.15,105,87011.735831
19.15,102,87044.422852
-0.68,302,87140.22759
0.085,31,87152.162089
-0.83,302,87237.459842
19.45,114,87272.719283
19.85,57,87291.867409
19.85,44,87307.553625
-0.38,302,87390.846935
19.95,56,87409.84976
19.875,51,87427.096242
19.85,49,87444.047937
17.15,281,87532.772257
19.85,52,87550.094742
-0.63,302,87636.149639
18.575,165,87686.154906
19.825,76,87710.43156
19.925,63,87730.83969
19.85,66,87751.844649
19.95,43,87766.818407
19.225,105,87799.783099
19.875,77,87825.192498
-20.07,179,87882.664588
-0.605,302,87970.440553
19.95,55,87988.595656
18.325,184,88042.232599
-0.73,302,88135.81465
19.75,67,88157.963146
-19.725,76,88182.095263
18.95,121,88218.112303
-19.89,17,88225.96793
19.975,54,88243.607082
-0.155,302,88337.049138
19.975,55,88354.780688
19.825,63,88376.168873
19.95,56,88395.075261
-20.12,34,88409.052665
19.3,90,88437.392367
19.875,57,88455.895137
18.375,176,88511.956538
19.85,52,88529.486018
-19.71,90,88558.268504
19.95,44,88573.286399
-19.57,54,88591.367685
19.975,43,88606.010324
19.9,48,88622.727159
19.925,75,88646.626125
19.9,58,88665.341449
-19.79,37,88678.863921
17.725,233,88745.916888
19.875,64,88767.249087
19.95,55,88785.412288
-19.795,29,88796.606091
19.95,45,88812.055922
19.75,59,88831.329093
18.8,155,88880.470431
19.95,51,88897.299522
19.975,43,88912.07556
19.9,51,88929.026627
19.875,54,88947.437439
19.875,83,88972.801647
17.375,259,89047.078259
19.825,89,89074.826978
19.975,68,89096.565053
-19.755,33,89108.931478
19.95,58,89127.97275
19.95,49,89144.45979
19.975,72,89168.00294
18.35,206,89231.364502
19.95,61,89251.081172
-0.655,302,89345.783561
19.625,76,89370.642664
19.925,61,89390.596781
19.9,40,89404.910969
19.475,85,89431.773861
19.925,50,89448.87719
-19.905,13,89455.498434
18.425,181,89509.746215
18.3,183,89561.85944
18.6,158,89607.503329
19.8,51,89624.998971
0.605,68,89646.01094
19.925,41,89660.079443
17.65,262,89733.708243
19.75,73,89757.071322
19.875,47,89772.999856
19.825,61,89792.775008
-0.205,302,89876.380648
19.175,136,89918.902215
-19.885,15,89926.242613
-0.255,302,90010.562376
0.065,24,90020.391754
19.4,94,90050.674243
-19.78,93,90080.440068
-0.015,1,90083.896154
-19.82,19,90092.168369
19.925,71,90114.849718
19.875,47,90130.953056
19.975,35,90143.606362
19.95,57,90162.476814
-19.65,46,90180.193791
19.85,50,90197.760949
-0.38,302,90281.663602
19.4,79,90307.162596
19.9,50,90324.029584
19.925,38,90337.517239
19.95,67,90359.092319
19.85,63,90380.066066
19.95,54,90397.95692
18.325,182,90455.1452
18.85,130,90495.392713
-19.63,43,90510.124264
19.775,61,90530.024698
18.025,218,90594.906048
19.95,69,90616.510765
19.4,114,90652.995207
19.95,75,90677.473929
19.9,38,90690.819229
19.8,62,90712.612808
18.525,157,90760.401579
19.975,47,90776.62566
19.325,93,90807.902915
-0.63,302,90892.290418
18.825,136,90932.89933
-19.85,41,90948.065154
-20.01,5,90952.732515
19.9,43,90967.861681
19.85,59,90988.059059
19.825,47,91004.199006
-19.75,66,91026.672262
-20.235,235,91092.255602
-19.745,44,91107.571311
-19.93,53,91126.733577
-0.68,302,91211.776378
19.975,43,91226.329825
-19.84,22,91235.430964
-19.52,54,91253.735456
-19.88,18,91261.663948
19.325,116,91295.974404
-19.905,28,91307.244759
19.875,49,91323.464454
19.975,56,91341.884682
-0.705,302,91434.816379
19.825,52,91451.98101
19.95,63,91472.017679
19.975,44,91487.089102
19.175,118,91527.410336
18.85,155,91572.861783
18.35,197,91633.632166
-20.035,150,91679.574119
-0.58,302,91774.722253
19.85,49,91791.800807
19.975,62,91811.187385
-20.02,149,91859.047496
-0.055,107,91894.153868
19.975,44,91910.05208
19.85,54,91928.346165
19.95,60,91947.440988
19.775,58,91966.603864
-0.755,302,92063.426039
-0.405,302,92160.485662
19.925,57,92179.903186
19.975,44,92195.067129
-20.015,2,92198.889328
-19.745,54,92217.836921
19.95,36,92231.443349
17.825,218,92300.070764
19.925,42,92314.91528
19.75,58,92334.322163
19.975,53,92351.854648
-0.68,302,92448.141437
-19.87,94,92479.424267
19.2,100,92509.775028
-19.91,145,92555.753611
19.95,62,92575.867619
17.925,216,92644.15685
-0.38,302,92727.598144
19.775,70,92750.901888
19.95,53,92768.796849
-0.28,302,92862.366145
-0.53,302,92957.409105
19.85,55,92976.239646
18.975,130,93014.254771
0.12,22,93023.445347
18.05,210,93084.729927
-0.195,13,93091.560173
19.975,61,93111.19554
-19.725,41,93125.426641
-0.655,302,93212.065989
19.55,81,93237.499799
19.95,47,93253.162141
19.9,69,93275.023304
-19.7,101,93307.159863
19.9,51,93324.48247
19.525,89,93352.647902
-19.885,15,93359.76951
19.6,96,93390.397212
19.925,49,93406.882158
19.875,56,93425.479053
19.875,49,93442.032354
